PDB Id	Segment 1 #	Seg 1 Chain #	Seg 1 Pos start #	Seg 1 Pos end #	Seg 1 size	Seg 1 Pos start Id	Seg 1 Pos end Id	Segment 2 #	Seg 2 Chain #	Seg 2 Pos start #	Seg 2 Pos end #	Seg 2 size	Seg 2 Pos start Id	Seg 2 Pos end Id	HoCA 1 #	HoCA 2 #	Axial distance	Local distance	Angle	Has quadrant 1	Z 1	ω 1	Z' 1	ω' 1	Quad start 1 #	Quad end 1 #	Has quadrant 2	Z 2	ω 2	Z' 2	ω' 2	Quad start 2 #	Quad end 2 #	Sequence 1	Sequence 2	Helical mask 1	Helical mask 2	Fit RMSD 1	Fit RMSD 2	PoCA shift 1	PoCA shift 2
5i9k	0	0	0	30	31	A,10,ASN	A,40,THR	1	0	34	62	29	A,67,GLU	A,95,LEU	27	0	5.69568	8.81616	-170.506	0							0							NEVLMAFTSYATIILAKMMFLSSATAFQRLT	EKVERVRRAHLNDLENIVPFLGIGLLYSL	hHHHhHhhhHHHhHHHhHhHhhhHHHHHHhh	HHHHHHHHHHhhhHHHHHHHHhHhHhhhh	0.295668	0.473473	40.8872	40.1997
5i9k	0	0	0	30	31	A,10,ASN	A,40,THR	2	0	70	89	20	A,103,ALA	A,122,LEU	20	16	8.24661	8.7454	-8.05867	0							0							NEVLMAFTSYATIILAKMMFLSSATAFQRLT	ALIHFRIFVGARIYHTIAYL	hHHHhHhhhHHHhHHHhHhHhhhHHHHHHhh	hHHHHHHHhHHHHhHHHHHh	0.492452	0.558594	40.2683	41.7474
5i9k	0	0	0	30	31	A,10,ASN	A,40,THR	9	2	34	62	29	C,67,GLU	C,95,LEU	4	25	10.7946	10.8084	-157.339	1	3.65286	31.1988	3.51605	8.00944	2	7	0							NEVLMAFTSYATIILAKMMFLSSATAFQRLT	EKVERVRRAHLNDLENIVPFLGIGLLYSL	hHPPhHpphHHHhHHHhHhHhhhHHHHHHhh	HHHHHHHHHHhhhHHHHHHHHhHhHhhhh	0.587473	0.566597	2.18155	2.6054
5i9k	0	0	0	30	31	A,10,ASN	A,40,THR	11	2	99	122	24	C,132,LEU	C,155,LEU	5	20	9.94905	10.4	-140.997	0							0							NEVLMAFTSYATIILAKMMFLSSATAFQRLT	LAFFVGYGVTLSMAYRLLRSRLYL	hHHHhHhhhHHHhHHHhHhHhhhHHHHHHhh	HHHHhhhhHHHHHHHHhHhhhhHh	0.617351	0.471082	4.36869	4.71059
5i9k	1	0	34	62	29	A,67,GLU	A,95,LEU	2	0	70	89	20	A,103,ALA	A,122,LEU	10	12	11.1174	11.1174	160.987	1	1.31658	42.1181	0.752715	37.1904	7	12	1	3.71177	97.2676	2.47999	80.9893	11	16	EKVERVRRAHLNDLENIVPFLGIGLLYSL	ALIHFRIFVGARIYHTIAYL	HHHHHHHPPHhppHHHHHHHHhHhHhhhh	hHHHHHHHhHHPPhHPPHHh	0.713437	0.404919	1.4645	2.16738
5i9k	1	0	34	62	29	A,67,GLU	A,95,LEU	3	0	99	122	24	A,132,LEU	A,155,LEU	24	17	9.89217	9.89217	35.2379	0							1	3.90687	69.8207	3.153	49.0691	16	21	EKVERVRRAHLNDLENIVPFLGIGLLYSL	LAFFVGYGVTLSMAYRLLRSRLYL	HHHHHHHHHHhhhHHHHHHHHhHhHhhhh	HHHHhhhhHHHHHHHHpPhhppHh	0.566812	0.608991	0.774606	1.30514
5i9k	1	0	34	62	29	A,67,GLU	A,95,LEU	4	1	0	30	31	B,10,ASN	B,40,THR	25	4	10.7943	10.8081	-157.336	0							1	3.65646	31.1953	3.52008	7.97927	2	7	EKVERVRRAHLNDLENIVPFLGIGLLYSL	NEVLMAFTSYATIILAKMMFLSSATAFQRLT	HHHHHHHHHHhhhHHHHHHHHhHhHhhhh	hHPPhHpphHHHhHHHhHhHhhhHHHHHHhh	0.566812	0.587667	2.6088	2.18503
5i9k	1	0	34	62	29	A,67,GLU	A,95,LEU	5	1	34	62	29	B,67,GLU	B,95,LEU	18	16	10.869	10.869	42.0653	1	2.12869	22.5662	1.97587	9.53997	16	21	1	4.77982	87.3468	3.82542	62.1724	16	21	EKVERVRRAHLNDLENIVPFLGIGLLYSL	EKVERVRRAHLNDLENIVPFLGIGLLYSL	HHHHHHHHHHhhhHHHPPHHPpHhHhhhh	HHHHHHHHHHhhhHHHPPHHPpHhHhhhh	0.454686	0.454654	3.74917	1.14415
5i9k	1	0	34	62	29	A,67,GLU	A,95,LEU	9	2	34	62	29	C,67,GLU	C,95,LEU	16	18	10.8691	10.8691	42.0636	1	4.78053	87.3467	3.82621	62.1671	16	21	1	2.12916	22.5658	1.97641	9.53601	16	21	EKVERVRRAHLNDLENIVPFLGIGLLYSL	EKVERVRRAHLNDLENIVPFLGIGLLYSL	HHHHHHHHHHhhhHHHPPHHPpHhHhhhh	HHHHHHHHHHhhhHHHPPHHPpHhHhhhh	0.454686	0.454817	1.14334	3.74883
5i9k	2	0	70	89	20	A,103,ALA	A,122,LEU	3	0	99	122	24	A,132,LEU	A,155,LEU	11	1	7.82786	7.82786	-153.592	1	3.69907	104.457	2.34613	89.0702	10	15	1	5.17711	102.421	4.01314	76.0228	1	6	ALIHFRIFVGARIYHTIAYL	LAFFVGYGVTLSMAYRLLRSRLYL	hHHHHHHHhHPPHhPPHHHh	HPPHhpphHHHHHHHHhHhhhhHh	0.484176	0.926064	4.10271	3.71072
5i9k	3	0	99	122	24	A,132,LEU	A,155,LEU	4	1	0	30	31	B,10,ASN	B,40,THR	20	5	9.94807	10.3996	-140.998	0							0							LAFFVGYGVTLSMAYRLLRSRLYL	NEVLMAFTSYATIILAKMMFLSSATAFQRLT	HHHHhhhhHHHHHHHHhHhhhhHh	hHHHhHhhhHHHhHHHhHhHhhhHHHHHHhh	0.471361	0.617647	4.71357	4.37221
5i9k	4	1	0	30	31	B,10,ASN	B,40,THR	5	1	34	62	29	B,67,GLU	B,95,LEU	27	0	5.70024	8.81594	-170.509	0							0							NEVLMAFTSYATIILAKMMFLSSATAFQRLT	EKVERVRRAHLNDLENIVPFLGIGLLYSL	hHHHhHhhhHHHhHHHhHhHhhhHHHHHHhh	HHHHHHHHHHhhhHHHHHHHHhHhHhhhh	0.295666	0.473563	40.8749	40.1878
5i9k	4	1	0	30	31	B,10,ASN	B,40,THR	6	1	70	89	20	B,103,ALA	B,122,LEU	20	16	8.2435	8.74353	-8.06039	0							0							NEVLMAFTSYATIILAKMMFLSSATAFQRLT	ALIHFRIFVGARIYHTIAYL	hHHHhHhhhHHHhHHHhHhHhhhHHHHHHhh	hHHHHHHHhHHHHhHHHHHh	0.492568	0.558447	40.2872	41.7653
5i9k	5	1	34	62	29	B,67,GLU	B,95,LEU	6	1	70	89	20	B,103,ALA	B,122,LEU	10	12	11.1171	11.1171	160.987	1	1.30266	42.0951	0.737722	37.2665	7	12	1	3.72593	97.2945	2.49518	80.916	11	16	EKVERVRRAHLNDLENIVPFLGIGLLYSL	ALIHFRIFVGARIYHTIAYL	HHHHHHHPPHhppHHHHHHHHhHhHhhhh	hHHHHHHHhHHPPhHPPHHh	0.713359	0.405086	1.47821	2.18118
5i9k	5	1	34	62	29	B,67,GLU	B,95,LEU	7	1	99	122	24	B,132,LEU	B,155,LEU	24	17	9.89223	9.89223	35.2329	0							1	3.90954	69.813	3.15609	49.041	16	21	EKVERVRRAHLNDLENIVPFLGIGLLYSL	LAFFVGYGVTLSMAYRLLRSRLYL	HHHHHHHHHHhhhHHHHHHHHhHhHhhhh	HHHHhhhhHHHHHHHHpPhhppHh	0.566723	0.609004	0.774974	1.30764
5i9k	5	1	34	62	29	B,67,GLU	B,95,LEU	8	2	0	30	31	C,10,ASN	C,40,THR	25	4	10.794	10.8079	-157.336	0							1	3.66072	31.1813	3.52503	7.93261	2	7	EKVERVRRAHLNDLENIVPFLGIGLLYSL	NEVLMAFTSYATIILAKMMFLSSATAFQRLT	HHHHHHHHHHhhhHHHHHHHHhHhHhhhh	hHPPhHpphHHHhHHHhHhHhhhHHHHHHhh	0.566723	0.587791	2.61274	2.18937
5i9k	5	1	34	62	29	B,67,GLU	B,95,LEU	9	2	34	62	29	C,67,GLU	C,95,LEU	18	16	10.8693	10.8693	42.0641	1	2.12811	22.5674	1.97522	9.54552	16	21	1	4.77949	87.3491	3.82501	62.1773	16	21	EKVERVRRAHLNDLENIVPFLGIGLLYSL	EKVERVRRAHLNDLENIVPFLGIGLLYSL	HHHHHHHHHHhhhHHHPPHHPpHhHhhhh	HHHHHHHHHHhhhHHHPPHHPpHhHhhhh	0.454654	0.454817	3.74989	1.14453
5i9k	6	1	70	89	20	B,103,ALA	B,122,LEU	7	1	99	122	24	B,132,LEU	B,155,LEU	11	1	7.82774	7.82774	-153.592	1	3.69952	104.455	2.34667	89.0643	10	15	1	5.17663	102.415	4.01272	76.0191	1	6	ALIHFRIFVGARIYHTIAYL	LAFFVGYGVTLSMAYRLLRSRLYL	hHHHHHHHhHPPHhPPHHHh	HPPHhpphHHHHHHHHhHhhhhHh	0.484271	0.926165	4.10225	3.71002
5i9k	7	1	99	122	24	B,132,LEU	B,155,LEU	8	2	0	30	31	C,10,ASN	C,40,THR	20	5	9.94922	10.4001	-140.995	0							0							LAFFVGYGVTLSMAYRLLRSRLYL	NEVLMAFTSYATIILAKMMFLSSATAFQRLT	HHHHhhhhHHHHHHHHhHhhhhHh	hHHHhHhhhHHHhHHHhHhHhhhHHHHHHhh	0.471397	0.617718	4.70989	4.36864
5i9k	8	2	0	30	31	C,10,ASN	C,40,THR	9	2	34	62	29	C,67,GLU	C,95,LEU	27	0	5.70197	8.81628	-170.505	0							0							NEVLMAFTSYATIILAKMMFLSSATAFQRLT	EKVERVRRAHLNDLENIVPFLGIGLLYSL	hHHHhHhhhHHHhHHHhHhHhhhHHHHHHhh	HHHHHHHHHHhhhHHHHHHHHhHhHhhhh	0.295655	0.473359	40.8497	40.1625
5i9k	8	2	0	30	31	C,10,ASN	C,40,THR	10	2	70	89	20	C,103,ALA	C,122,LEU	20	16	8.24254	8.74341	-8.05931	0							0							NEVLMAFTSYATIILAKMMFLSSATAFQRLT	ALIHFRIFVGARIYHTIAYL	hHHHhHhhhHHHhHHHhHhHhhhHHHHHHhh	hHHHHHHHhHHHHhHHHHHh	0.492669	0.558443	40.3067	41.7852
5i9k	9	2	34	62	29	C,67,GLU	C,95,LEU	10	2	70	89	20	C,103,ALA	C,122,LEU	10	12	11.1178	11.1178	160.984	1	1.32012	42.122	0.756557	37.169	7	12	1	3.7079	97.2601	2.47584	81.0093	11	16	EKVERVRRAHLNDLENIVPFLGIGLLYSL	ALIHFRIFVGARIYHTIAYL	HHHHHHHPPHhppHHHHHHHHhHhHhhhh	hHHHHHHHhHHPPhHPPHHh	0.713121	0.405026	1.46083	2.16364
5i9k	9	2	34	62	29	C,67,GLU	C,95,LEU	11	2	99	122	24	C,132,LEU	C,155,LEU	24	17	9.89217	9.89217	35.2366	0							1	3.91103	69.8027	3.1579	49.0187	16	21	EKVERVRRAHLNDLENIVPFLGIGLLYSL	LAFFVGYGVTLSMAYRLLRSRLYL	HHHHHHHHHHhhhHHHHHHHHhHhHhhhh	HHHHhhhhHHHHHHHHpPhhppHh	0.566597	0.608845	0.775029	1.30869
5i9k	10	2	70	89	20	C,103,ALA	C,122,LEU	11	2	99	122	24	C,132,LEU	C,155,LEU	11	1	7.82742	7.82742	-153.593	1	3.69503	104.467	2.34151	89.1105	10	15	1	5.18122	102.405	4.01794	75.975	1	6	ALIHFRIFVGARIYHTIAYL	LAFFVGYGVTLSMAYRLLRSRLYL	hHHHHHHHhHPPHhPPHHHh	HPPHhpphHHHHHHHHhHhhhhHh	0.48428	0.926016	4.1068	3.71535
